year,gdp_g
2007,0.114074
2009,0.03824
2011,0.107516
2013,0.056768